text_en,text_ky
"Once when I was six years old, I saw a picture",Алты жашымда бир жолу мен сүрөт көргөм
It was a picture of a boa constrictor swallowing an animal.,Бул боа жыланынын жаныбарды жутуп жаткан сүрөтү болчу
Here is a copy of the drawing.,Бул жерде сүрөт тартуунун көчүрмөсү.
"In the book it said, ""Boa constrictors swallow their prey whole.""","Китепте ""Боа жыланы өзүн жуткан жаныбарды бүтүндөй жутат"" деп жазылган"
I like to read books in the evening.,Кечинде китеп окугуну жакшы көрөм.
We went to the park to play football.,Биз футбол ойногону паркка бардык.
The sun is shining brightly today.,Бүгүн күн жарык болуп жатат.
He went to the store to buy some bread.,Ал дүкөнгө нан алганы барды.
She loves traveling to new countries.,Ал жаңы өлкөлөргө саякаттоону жакшы көрөт.
Can you help me with my homework?,Мага үй тапшырмамды бүтүрүүгө жардам бере аласыңбы?
The weather is very cold today.,Бүгүн аба ырайы абдан суук.
I will call you when I arrive.,Мен келгенде сага телефон чалам.
We watched a movie yesterday.,Биз кечээ кино көрдүк.
He is reading a book about nature.,Ал табият тууралуу китеп окуп жатат.

Вот текст, отсортированный и заключённый в кавычки:  

(book1)
Hide-and-Seek,Көздөн жылт этме (же "Жашынмак").
A simple game of hide-and-seek leads the children into the adventure of their lives.,Жөнөкөй жашынмак оюну балдарды өмүрүндөгү эң чоң кызыктуу окуяга жетелейт.
An exciting story that will have little readers turning.,"Кичинекей окурмандарды барактарды буруп, кызыгуу менен окууга түрткөн укмуштуудай окуя."
"James, his sister Sally, and Mark, their BFF (Best Friend Forever) were bored.","Жеймс, анын карындашы Салли жана алардын эң жакын досу Марк зеригип жатышты."
"They had played all day but now that it was dark and difficult to see, they had nothing to do.","Алар бүт күндү оюн менен өткөрүшкөн, бирок эми караңгы түшүп, эч нерсе көрүнбөй калгандыктан, кылчу иштери жок эле."
They couldn't play soccer because they couldn't see the ball.,"Алар футбол ойной алышкан жок, анткени топ көрүнбөй жатты."
"They didn't want to go inside and play a game because it was a beautiful springtime night and they liked being outside, especially after having to play inside all winter long","Алар үйгө кирип оюн ойногулары келген жок, анткени бул кооз жазгы түн эле, жана алар сыртта болгону жакшы көрүшчү, айрыкча кыш бою үйдө ойноого аргасыз болгондон кийин."
"They just didn’t know what to do and it was a little too early for them to go home.","Алар эмне кыларын билишкен жок, анан үйгө кайтууга дагы бир аз эрте болчу."
"I guess I’ll just go home, Mark said in a sad voice.","Менимче, үйгө эле барам окшойт, – деди Марк муңдуу үн менен."
"Aww come on, replied James.","Ой, койчу эми, – деп жооп берди Жеймс."
"We still have time for another game of – of something.","Бизде дагы бир оюн ойноого убакыт бар – эмнени болсо да."
"Then Sally said, I have an idea! Let’s play Hide-and Seek.","Андан кийин Салли: «Менде идея бар! Келгиле, жыйырма тогуз ойнойлу», – деди."
"I was just going to say that, James said.","Мен да дал ошону айтмак болчумун, – деди Жеймс."
"Yah, I’ll bet, replied his sister.","Ооба, ишенем, – деп жооп берди анын эжеси."
"You always say you were thinking of whatever I think of, she snapped.","Сен ар дайым мен ойлогон нерсени сен да ойлоп жаткам деп айтасың, – деп кагып койду ал."
"Do not! James said in a loud voice.","Андай эмес!» – деп катуу үн менен айтты Жеймс."
"Do too, yelled Sally.","Андайсың!» – деп кыйкырды Салли."
"Mark just looked down at the ground and shook his head from side to side.","Марк жерди тиктеп, башын жай гана ары-бери чайкады."
"They are at it again, he mumbled to himself.","Марк жерди тиктеп, башын жай гана ары-бери чайкады."
"Then he yelled, Okay, let’s play Hide-and-Seek I’ll be the seeker!","Андан кийин ал кыйкырды: Макул, жыйырма тогуз ойнойбуз, мен издөөчү болом!"
"He turned, faced a big tree, closed his eyes, and started counting out loud.","Анан чоң даракка бурулуп, көздөрүн жуумп, үн чыгарып санай баштады."
"100 – 99 – 98 – 97 ….. Sally and Mark stopped arguing, looked at each other, and ran off in different directions to find a hiding place.","100 – 99 – 98 – 97... Салли менен Жеймс талашып-тартышууну токтотуп, бири-бирин карап, ар кайсы тарапка жашыныш үчүн чуркап кетишти."
"In the distance they could still hear Mark counting 4 – 3 – 2 – 1.","Алыстан дагы эле Марктын: 4 – 3 – 2 – 1."
"Ready or not, here I come! Then he turned and began looking for places where they could be hiding.","Даярсыңбы же жокпу, мен келдим! – деп санап жаткан үнү угулуп турду."
"She always ran off and then circled back so she would be close to base, the safe place to get to before being tagged.","Анан ал бурулуп, алар жашынып калышы мүмкүн болгон жерлерди издей баштады."
"Mark looked for the biggest tree and ran towards it.","Марк эң чоң даракты карап, ага карай чуркады."
But she wasn’t there.,Бирок ал ошол жерде жок эле.
"Finding Sally was easy., But she wasn’t there.
"I’ll bet she’s behind that big bush, he said to himself.","Менимче, ал чоң бадалдын артында болушу мүмкүн, – деп ойлоду ал."
"So he ran to it and was ready to tag her, but she wasn’t there either.","Ошентип, ал ошол жерге чуркап барды жана аны тагууга даярданды, бирок ал жерде да жок болчу."
"As he turned around, he saw James running towards base and darted after him.","Марк бурулуп, Жеймстин базага чуркап бара жатканын көрүп, анын артынан чуркап жөнөдү."
"Just before he touched James’ shoulder, James tagged the base and yelled out.","Джеймстин далысына тийер замат ал "базаны" тагып"
"SAFE! Did you get Sally yet? James asked.","Коопсуз! деп кыйкырды,деп сурады Джеймс"
"No, said Mark.","Жок, деди Марк."
"I haven’t been able to find her and it’s getting late and we need to be heading home.","Мен аны таба элекмин кеч болуп калды, үйгө жөнөй турган убакыт келди."

(book2)
"Once upon a time, there was a giraffe named Ginger.","Бир убакта Жинжер аттуу бир керик жашаптыр."
"Ginger lived in Kenya, a country in Africa.","Бир кезде, Африкадагы Кенияда Жинжер аттуу жираф жашаптыр."
"Like all giraffes, Ginger had a long neck and long legs.","Жинжердин мойну жана буттары узун болчу."
"Because she was so tall, she was able to eat food from the very tops of the trees in the savannah.","Боюнун узундугуна байланыштуу ал саваннадагы дарактарга жогорку буттарынан тамак жей алчу."
The savannah in Africa is an area with lots of grass and some trees.,Африкадагы саванна – чөптөрү көп жана анда бир нече дарактар бар аймак.
"Sometimes, a savannah is called grasslands.","Кээде саваннаны "чөптүү талаалар" деп да атап коюшат." 
The other animals like zebras and antelopes could not reach where Ginger could reach., " Башка жаныбарлар, зебралар жана антилопалар Жинжер жете алгандан жете албайт эле."
But Ginger always found food.,Бирок Жинжер дайыма тамак таба алчу.
She loved the leaves and the new buds of the trees.,Ал дарактардан жалбырактары жана жаңы бүчүрлөрүн абдан жакшы көрчү
"One day, Ginger was busy eating her favorite leaves along with some other giraffes.",Бир күнү Жинжер башка жирафтар менен сүйүктүү жалбырактарын жеп жаткан. 
It was a bright sunny day and there was not a cloud in the sky.,"Абанын ачык, күндүү болгону сонун болчу жана асманда эч бир булут жок болчу." 
"It had not rained for a long time, so the grass was very dry.","Көптөн бери жамгыр жааган эмес, ошондуктан чөп өтө кургап калган эле." 
"She heard a noise down at the bottom of her extra long legs: it was her friend, Mickey the Monkey.","Жинжердин узун буттарынын түбүндө бир үн чыгып жатты: бул анын досу Микки маймыл болчу." 
"Mickey was trying to say something, but Ginger couldn’t understand what he was saying.","Микки бир нерсе айтканга аракет кылып жатты, бирок Жинжер аны түшүнө алган жок." 
He looked very tired.,Ал өтө чарчап калгандай көрүнүп жатты.
“What’s wrong?” asked Ginger.,Эмне болду? – деп сурады Жинжер.
Ginger was a very kind giraffe and wanted to help everyone.,"Жинжер боорукер жираф болгондуктан, бардыгына жардам бергиси келчү." 
Just then Mickey fell over!,Ошол учурда Микки кулап калды! 
Ginger was also a smart giraffe.,Жинжер акылдуу жираф болчу жана эмне болуп жатканын түшүндү.
She knew what was wrong.,Ал эмне болгонун түшүндү.
Mickey couldn’t find anything to eat and he was very hungry.,Микки тамак таппай ачка болуп жаткан экен. 
"Ginger nibbled some fresh, tender leaves and buds from the top of the tree where she was eating.","Жинжер дарактын чокусунан жаңы, ширелүү жалбырактарды жеп, аларды жерге түшүрдү." 
She dropped some of the leaves and buds to the ground near where Mickey was.,Андан кийин ал өзүнүн узун буттарынан биринин туягы менен Миккини аздап түртүп ойготту.
Then she nudged him a little with the hoof at the bottom of one of her very long legs.,Андан кийин ал узун буттарынын биринин аягындагы туягы менен аны бир аз түртүп койду. 
"“Wake up, Mickey!” said Ginger.","Ойгон, Микки! – деди Жинжер." 
“I’ve found something for you to eat.”,Мен сага тамак таптым! 
Slowly Mickey sat up and ate a little.,"Микки жай гана отуруп, бир аз тамак жеди."
"After a while, when Mickey was feeling better, Ginger asked him, “What’s happened, Mickey?","Бир аз убакыт өткөндөн кийин, Микки жакшыра баштаганда, Жинжер андан: Эмне болду, Микки?" 
Why are you so hungry?, Эмне үчүн ачка болуп жатасың?
Why can’t you find anything to eat?”,Неге тамак таба албай жатасың? – деп сурады. 
"Mickey said, “It hasn’t rained for so long and now there’s no more food.”","Микки:Көптөн бери жамгыр жааган жок, эми тамак калбай калды, – деди." 
"“That’s not good,” said Ginger.","Көптөн бери жамгыр жааган жок, эми тамак калбай калды, – деди." 
“What’s happening with the other animals?”,"Башка жаныбарларда эмне болуп жатат?" деп сурады Гинжер. 
"“No one knows what to do,” answered Mickey.","Эч ким эмне кылышты билбейт, деп жооп берди Микки." 
“All the zebras and the antelopes and the elephants are getting worried about the dry grass.,"Бардык зебралар, антилопалар жана пилдер чөптөр кургап калганына кабатыр болушууда." 
Some of them are thinking about leaving the savannah and trying to reach the jungle.”,"Алардын айрымдары саваннаны таштап, токойго барууну ойлоп жатышат."
"“That’s a long trip,” said Ginger.","Бул узак жол, деди Гинжер." 
“Are you going to go with them?”,Сен алар менен барасыңбы?
"“I don’t know,” answered Mickey.","Билбейм, деди Микки. " 
“What do you think we should do?”,Сен эмне кылышыбыз керек деп ойлойсуң? 
"Ginger thought for a while and then suddenly, she had a good idea.","Гинжер бир аз ойлонуп, анан күтүүсүздөн бир сонун ой келди.  " 
“We should go talk to Leo the Lion.,Биз барс Леого баралы. 
He is the smartest animal in the savannah!”,Ал саваннадагы эң акылдуу жаныбар! 
"Mickey was too tired to walk, so Ginger invited him to ride on her back.","Микки басууга абдан чарчаган, ошондуктан Гинжер аны аркасына минүүгө чакырды." 
"“Hold on tight to my neck,” said Ginger.","Моюнумдан бекем карма, деди Гинжер." 
"“There’s a lot to hold on to,” joked Mickey.","Кармаганга көп нерсе бар, тамашалады Микки." 
Ginger laughed. “You’re right.,"Гинжер күлүп жиберди. Ооба, туура айтасың." 
I’ve got the longest neck in Africa!”,Менде Африкадагы эң узун моюн бар! 
So they started their journey across to the other side of the savannah to look for Leo.,"Ошентип, алар саваннанын аркы жагына Леону издөөгө сапар тартышты."
Ginger and Mickey were in luck!,Гинжер менен Миккинин жолу болду! 
Leo was sitting up on a rock and he was really easy to see as they walked through the grass.,"Лео таштын үстүндө отурган, аны чөптөр арасынан көрүү абдан оңой эле."
"“Hi, Leo!” they both shouted.","Салам, Лео! деп кыйкырышты экөө." 
Leo had been napping and was a little grumpy when they woke him up.,"Лео уйкуда болчу, ошондуктан ойгонгондо бир аз кыжырданды."
"But he was polite and said, “Hello Ginger and Mickey. ","Бирок ал сылык-сыпаа түрдө: Салам, Гинжер жана Микки."
Why did you walk the whole way across the savannah?,Сиздер саваннанын аркы жагына чейин жөн гана мени ойготуу үчүн басып келдиңиздерби?"
Just to wake me up?”,деп тамаша кылды.
But he was joking; he had a smile on his face.,Лео жылмайып турду. 
"“Mickey says that there is no food left on the savannah because it’s been so dry,” said Ginger.","Микки саваннада чөп жок, анткени абдан кургак болуп калды деп айтты, деди Гинжер." 
“Do you have any ideas?”,Сизде кандайдыр бир идея барбы? 
Leo thought for a while.,Лео бир аз ойлонду
"He said, “There’s nothing we can do about the rain.","Анан айтты:Жамгырга биз эч нерсе кыла албайбыз."
"It will come soon, but we can’t be sure when it will arrive.","Ал жакында жаайт, бирок качан жаай турганын билбейбиз."
"When the rain comes, all the plants will grow again and there will be lots of food for everybody.”","Жамгыр жааганда өсүмдүктөр кайра өсүп, бардыгы үчүн тамак жетиштүү болот." 
He thought a little longer.,Бир аз ойлонгондон кийин ал кошумчалады:
"“The only thing I can think of is for everyone to move closer to the forest,” he continued.","Бардыгы токойдун жанына көчүшү керек деп ойлойм." 
"“There will be more things to eat there, but I know it’s a long trip and it will not be very easy.","Ал жакта жегенге көбүрөөк нерсе болот, бирок бул узак жол, жана ал оңой болбойт." 
It might take days to get there.” ,Бир нече күн кетиши мүмкүн.
Ginger and Mickey looked at each other and then looked back at Leo.,"Гинжер менен Микки бири-бирине карап, анан Леого карап:"
"“Thank you, Leo,” said Ginger. “It’s probably best if they all try to get closer to the jungle.”","Рахмат, Лео, деди Гинжер. Балким, баарына токойго жакындаган жакшы болот." 
They said goodbye and then walked back across the savannah.,"Алар коштошуп, кайра саваннанын аркы жагына басып жөнөштү." 
Now they needed to gather all of the animals together to start the long journey.,"Эми бардык жаныбарларды чогултуп, узак сапарга чыгууга даярдануу керек болчу."
Ginger didn't need to go along because she had plenty of food in her high trees.,"Гинжердин бара турган зарылдыгы жок болчу, анткени ал бийик дарактарынан тамак жей алчу."
But she was a good friend and wanted to help as much as she could.,Бирок ал жакшы дос эле жана колунан келген жардамын берүүнү каалады.
They walked towards her favorite trees and guess what she and Mickey saw?,"Алар анын сүйүктүү дарактарына жөнөштү, жана эмне болду деп ойлойсуңар?"
All of the animals were already gathered there and waiting for Ginger and Mickey!,"Гинжер менен Микки ал жакка барганда, бардык жаныбарлар буга чейин чогулуп, аларды күтүп жатышыптыр!" 
“Why are you all here?” asked Ginger.,Баарыңар бул жакта эмне үчүн турасыңар? деп сурады Гинжер.
"“Eddie the Eagle told us that you’re taking us to the edge of the jungle,” said one of the zebras. ","Эдди бүркүт бизге силер бизди токойдун четине алып барасыңар деп айтты, деди бир зебра."
“How did he know?” asked Mickey.,Ал кантип билди? деп сурады Микки.
"“He heard you talking with Leo,” said one of the antelopes.","Ал Лео менен сүйлөшкөнүңөрдү угуптур, деди бир антилопа."
“So you’ve all decided to try to walk together to the jungle?” asked Ginger.,"Демек, баарыңар токойго бирге барууну чечтиңерби? деп сурады Гинжер." 
"“Yes,” they all answered.","Ооба, деп баары жооп беришти."
"“If you’ll help us to get there,” added one of the elephants.","Эгер бизди алып барууга жардам берсең, деп кошумчалады бир пил." 
"“Of course, I’ll help,” said Ginger.","Албетте, жардам берем, деди Гинжер." 
“I’m your friend.”,Мен силердин досуңармын. 
So they started on their big journey across the savannah to the jungle.,"Ошентип, алар саваннанын аркы жагына токойго чоң сапарга чыгышты."
The sun was so hot and there was no food and no place to get a drink of water.,"Күн аябай ысык болчу, тамак жок, жана суу ичкенге жер жок эле." 
And then they heard it.,Ошондо алар угушту. 
It was thunder!,Бул күн күркүрөгөнү болчу!
"“Thunder!”, they all shouted.","Күн күркүрөө! деп баары кыйкырды." 
Thunder was very scary to the animals of the savannah.,Саваннанын жаныбарлары күн күркүрөгөндөн аябай коркушчу. 
Can you guess why?,Эмне үчүн деп ойлойсуңар?
Fire! Sometimes the lightning hits the dry grass and the whole savannah catches fire.,"Кээде чагылган кургак чөпкө тийип, бүтүндөй саванна өрттөнүп кетчү."
Then everyone has to run.,Анда баары качышы керек эле. 
And that is exactly what happened.,Ошол эле болду. 
“Fire!” they shouted.,"Өрт!" деп кыйкырышты.
They could smell it.,Алар жытын сезишти. 
And now they could see it.,Эми аны көрө башташты. 
The fire was coming towards them!,Өрт аларга жакындап келе жатты!
Ginger had to think fast.,Гинжер тез ойлонушу керек эле.
Because she was so tall she could see farther than any of the other animals.,"Ал абдан узун болгондуктан, башка жаныбарларга караганда алысты жакшы көрчү."
She stretched her long neck up as far as she could.,"Ал моюнун мүмкүн болушунча сунуп, өрт жок жерди көрдү." 
Now she could see a place where there was no fire. “Quick!” she said.,"Тез! Баарыңар бул жакка чуркагыла, деди ал."  
“Everyone run this way.”,"Баардык жаныбарлар аны ээрчип, мүмкүн болушунча тез чуркап жөнөштү"
"All of the animals followed her and ran as fast as they could. Soon, they were out of danger.","" 
They stopped and gathered together one more time.","Жакында алар коопсуз жерде болушту." 
“Is everyone here?”,Баары бул жерде барбы?
Ginger asked.,деп сурады Гинжер. 
She wanted to make sure they were all safe.,Ал алардын баары аман-эсен экенине ынангысы келди. 
All the animals looked around; they were all there.,"Баардык жаныбарлар тегерек карап, бирин-бири эсептешти. Баары бар эле." 
And then the most wonderful thing happened.,Ошондо эң сонун нерсе болду. 
"“I felt a drop,” said a zebra.","Мен бир тамчы сездим, деди зебра." 
"“Me too,” said an antelope.","Мен да, деди антилопа." 
It was rain!,Бул жамгыр болчу! 
Finally!,Акыры!
Everyone was very happy.,Баары абдан бактылуу болушту. 
It started to rain a little more and then a little more.,Жамгыр көбүрөөк жаай баштады жана андан да көбүрөөк жаады. 
"The rain put out the fire so they didn’t have to run.,"Жамгыр өрттү өчүрүп, аларга качуунун кереги жок болду." 
"And the rain filled their watering holes and made the plants grow again, so they didn’t have to make that long trip to the edge of the jungle.","Жамгыр алардын суу булактарын толтуруп, өсүмдүктөрдү кайра өстүрдү." 
Everyone would soon have enough food and water.,"Ошентип, баарынын тамак-ашы менен суусу жетиштүү болду."
"So Ginger, the Giraffe went back to her favorite tree and continued to munch on the leaves and buds.","Гинжер жираф болсо сүйүктүү дарагына кайтып, жалбырактар менен бүчүрлөрдү чайнап жей баштады."

(book3)
They need to be done and depending on your outlook can be accomplished easily.,"Ишти бүтүрүү керек, жана көз карашыңарга жараша аларды оңой эле аткарууга болот." 
Doing My Chores is intended to impart a message of importance in accomplishing one's given tasks.,"Менин жумуштарым" деген текст берилген тапшырмаларды аткаруунун маанилүүлүгүн түшүндүрүүгө багытталган.
I like doing my chores.,Мен өзүмдүн жумуштарымды кылганды жактырам. 
"Well, maybe not all of them but most of them.","Же, балким, алардын бардыгын эмес, бирок көбүн." 
"Hmm, maybe not most of them.","Хм, балким, көбүн да эмес"   
"But a lot of them.,Бирок көпчүлүгүн. 
"Okay, maybe not a lot of them.","Макул, балким көпчүлүгүн да эмес."  
But a few of them.,Бирок айрымдарын. 
"Well, maybe not a few of them but","Же, балким, бир-экөөсүн да эмес." 
None of them!,"Жок, тамашалап жатам!"
Just fooling,"Чын эле, жумуштарымды кылганды жактырам." 
I really do like doing my chores.,"Мен жумуштарымды кылсам, апам менен атама жардам берем, жана билесиңер, апалар менен аталарга кээде көп жардам керек болот."  
"When I do my chores, it helps my Mommy and Daddy, and as you know Mummies and Daddies sometimes need a lot of help.","Мен жумуштарымды кылсам, өзүмдү маанилүү сезем, жана маанилүү болгонду жактырам." 
"When I do my chores, it makes me feel important and I like to be important.","Ошондо мен кызыктай оюн ойлоп чыгарам, жана андай оюндун жардамы менен жумуш жеңилдейт."  
Don’t you?,Силер да жактырасыңарбы?
"Sometimes I get bored so I do some chores, even if they are not my chores.","Кээде зеригип кетем, анан жумуштарды кылып алам, атүгүл алар менин жумуштарым болбосо да." 
Sometimes I have chores that I do not like to do.,Кээде жактырбаган жумуштарымды кылууга туура келет. 
When that happens I make up a silly game and that makes the chore easier.","Ошондо мен кызыктай оюн ойлоп чыгарам, жана андай оюндун жардамы менен жумуш жеңилдейт."  
"Like yesterday, I had to put my laundry away and I pretended that I was hiding it from my Mommy.","Мисалы, кечээ кирлеримди жыйнашым керек болчу, жана апамдан жашырып жатам деп элестеттим."  
It was fun and I think I remember where I put it.,"Бул абдан кызыктуу болду, жана мен аны кайда койгонумду эстей алам деп ойлойм." 
Just fooling …,Тамаша... 
It is in my dresser where it belongs.,"Ал өзүнүн тартмасында, өз ордунда турат." 
"Sometimes when all my chores are done, we go to the park or have other special time.","Кээде бардык жумуштар бүткөндөн кийин, биз сейил бакка барабыз же башка кызыктуу иштерди жасайбыз."  
I know if my chores weren’t done we wouldn’t be able to do that.,"Эгер жумуштарымды кылбасам, биз андай иштерди жасай алмак эмеспиз." 
“So be important and have some fun.,Андыктан маанилүү болгула жана көңүлдүү болгула 
Do your chores until they are done.”,Бардык жумуштарды бүткөнгө чейин аткарып койгула. 

(book4)
"Hi, I am Abe and I am a Service Dog.","Салам, менин атым Эйб, жана мен Кызматчы Итмин." 
"When I was a puppy, my owner told me I would be a Service Dog for a person who could not see.","Күчүк кезимде ээсим мага көзү көрбөгөн адамга жардам берүүчү Кызматчы Ит болорумду айткан." 
"I didn’t know what that meant, but I knew it was something special.","Бул эмнени билдирерин түшүнгөн эмесмин, бирок бул өзгөчө нерсе экенин билчүмүн." 
"When I got a little older, I was sent away to school.","Мен бир аз чоңойгондо, мени мектепке жиберишти." 
My sister was sent to another school to learn how to help people with Autism.,"Менин эжемди башка мектепке жөнөтүштү, ал жерде ал аутизм менен ооруган адамдарга жардам берүүнү жана алардын досу болуп, аларга жол көрсөтүүнү үйрөнмөк."
To be their friend and help them get around. One of my other brothers was sent to a special school so he could learn how to warn people that they were going to get sick before they did.," Менин бир тууганым болсо, адамдарга оору баштала электе кабар берүү үчүн машыккан атайын мектепке жөнөтүлдү." 
My other brothers and sisters became good friends with people in good families.,Башка бир туугандарым жакшы үй-бүлөлөрдөгү адамдар менен жакшы дос болушту. 
Not every dog can become a Service Dog.,Ар бир ит Кызматчы Ит боло албайт. 
School was hard. I had to learn many things just like you.,Мектеп кыйын эле. 
I had to learn to stop and look before crossing the street.,Мен силер сыяктуу эле көп нерсени үйрөнүшүм керек болчу. 
"And learn what a red, yellow, and green directional light meant and what I should do.","Көчөнү кесип өтөрдөн мурун токтоп, карап турууну үйрөнүшүм керек эле." 
"I was taught how to guide a person to go left, right, to step up and down, to stop, to move forward a little, to back up, and much more.","Жашыл, сары жана кызыл сигналдык чырактардын маанисин жана аларга кандай реакция кылышымды үйрөндүм." 
"I had to learn where I was and how to get back, even in strange areas.","Мен адамга солго, оңго бурулууну, өйдө же ылдый кадам таштоону, токтоону, алдыга бир аз жылууну, артка чегинүүнү жана башка көп нерселерди көрсөтүүнү үйрөндүм." 
"I had to learn how to behave in a restaurant and never, ever, beg for food. That was hard.","Өзүм кайда экенимди жана чоочун аймактарда да жолду кантип табууну билүүм керек болчу." 
"I had to learn that I could be a plain old playful dog as long as my halter was off.","Мен ресторанда кандай жүрүш керек экенин, эч качан тамак сурабоо керектигин үйрөндүм."
But once it was on…,"Бул кыйын болду. Мага кадимки оюнпоз ит болууга уруксат берилген, бирок мойунчум тагылган учурда..."
I was working.,мен иштөөчү элем. 
I became the eyes of my master and their safety and how they got around was up to me.,"Мен кожоюнумдун көзү болуп калдым, анын коопсуздугу жана кыймылдоосу мага көз каранды болчу." 
"After a long time in school, I graduated and my trainer introduced me to BJ.","Көп убакытты окууда өткөргөндөн кийин, мен бүтүрүүчү болуп, машыктыруучум мени BJ аттуу адам менен тааныштырды." 
The person who would become my master.,Бул адам менин кожоюнум болмок.
We were both excited.,Экөөбүз тең толкундандык.
We trained together for several weeks and became very good friends.,"Биз бир нече жума бирге машыгып, жакшы дос болуп кеттик." 
She was really nice and we always spent fun-time together once she took my halter off.,"Ал абдан жакшы адам болчу, жана мойунчумду чечкенден кийин биз дайыма кызыктуу убакыт өткөрчүбүз." 
One day the trainer said we were ready and I was off to a new home with my master and friend.,"Бир күнү машыктыруучубуз биз даярбыз деди, жана мен жаңы үйгө, кожоюнум жана досум менен кеттим." 
We shared many years together and had many wonderful experiences.,"Биз көп жылдарды чогуу өткөрүп, сонун окуяларды баштан кечирдик."
"We went shopping, visited friends, ate in fine restaurants, and traveled across the country.","Биз соода кылдык, досторго бардык, жакшы ресторандарда тамактанып, өлкөнү араладык." 
I took care of BJ.,Мен BJге кам көрдүм.
"I knew when she didn’t feel right and could tell if she was happy or unhappy, sad, grumpy, or whatever.","Анын кандай абалда экенин сезип, анын жакшы же жаман маанайда экенин түшүнө алчумун." 
I would always try to make things better for her., Мен ар дайым анын маанайын жакшыртууга аракет кылчумун.
BJ took care of me.,BJ мага кам көрчү. 
"She knew when I didn’t feel right and could tell if I were happy or unhappy, sad, grumpy, or whatever.","Ал да менин кандай абалда экенимди билип, менин кубанычтуу же капалуу экенимди түшүнө алчу."
She would always try to make things better for me.,Ал ар дайым мени бактылуу кылууга аракет кылчу. 
A long time has passed and now I can’t help my friend any more.,"Көп убакыт өттү, эми мен досума жардам бере албайм."
BJ is off to school again and training with a new Service Dog.,"BJ кайра мектепке барып, жаңы Кызматчы Ит менен машыгуусун баштады."

(book5)
The sun shone brightly over the meadow as Class 1 of Sunny Meadows Woodland School set off for their first trip to the Shadow Woods.,"Күн жайнап токойдун этегиндеги ачык талаада жаркырап турду, ал эми Sunny Meadows мектебинин 1-классы өздөрүнүн Shadow Woods деп аталган токойго алгачкы сапарына камынып жатышты." 
Everyone was excited to be going on the adventure that they had been talking about for weeks.,Баары бул көптөн бери сүйлөшүп жүргөн укмуштуу окуяны баштоого кубанычтуу эле. 
"Their teacher, Miss Squirrel, had promised a trip to remember and the whole class now skipped excitedly through the meadow.","Мугалими Мисс Сүзгүч бул сапарды унутулгус кылаарын убада кылган, ошондуктан класстагы балдар ачык талаада асылып, кубанып секирип баратышты." 
"Well, nearly all of the class; alone at the back of the group waddled Hank.","Бирок баары эле эмес; топтун артында жалгыз Хэнк басып бараткан." 
Hank was a hedgehog who found it difficult to make friends.,Хэнк достошууну оор көргөн кирпи эле. 
He always felt like the outsider.,Ал дайыма өзүн башкалардан бөлөк сезчү.
"The others in the class, especially Matilda Mouse, kept away from Hank because they thought him odd.","Класстын башкалары, айрыкча Матильда Чычкан, аны таң калыштуу деп ойлоп, алысыраак жүрүшчү." 
"Yes, Hank was not really looking forward to the day.","Хэнк бул күндү анча жакшы көрүп, күтүп жаткан эмес." 
The journey to the Shadow Woods was longer than expected because Mr. Mole’s tunnel train was broken.","Shadow Woods токойго болгон сапар күткөндөн узакка созулду, анткени Мырза Чиркейдин туннелдик поездик бузулуп калган эле." 
Indeed Mr. Mole was there waving them off before he got back to work.,Мырза Чиркей аларды узатып туруп кайра ишине киришти.
"This just made Miss Squirrel happier though, as she could talk to the children about all the wonderful flowers that filled Sunny Meadow.","Айлананы ар түрдүү түстөр каптаган;"
There was color everywhere.,талаа асманга көтөрүлгөн жаан-чачын сыяктуу эле көрүндү.
It looked as if a rainbow had crashed into the field.,"Көп өтпөй, Shadow Woods жакын жерден кичинекей көрүнгөн нерсе аларга чоң болуп сезиле баштады."
"However, at the edge of the meadow, not everyone was looking at the flowers…",Бирок талаанын четине келгенде баары гүлдөргө карай бербеди. 
"Soon though, the Shadow Woods were upon them and something that looked small from far away suddenly grew very large before them.","Бирок көп өтпөй, Shadow Woods токойуна жакындаганда, алыстан кичинекей көрүнгөн нерсе алардын алдында күтүүсүздөн чоңоюп, өтө чоң болуп чыкты."
"Each member of the class gave a slow gulp-Matilda Mouse, Rachel Rabbit, Wendy Weasel and Ralph Racoon.","Класстын баары бирден демин ичине тартып туруп калды – Матильда Чычкан, Рейчел Коён, Венди Илбирс жана Ральф Енот." 
The biggest gulp came from Hank.,Эң чоң коркуу Хэнктен болду. 
He was nervous enough before they got to the woods and didn’t have a friend to hold on to.,Ал достору жок эле ансыз да коркуп турган.
"Matilda pretended to be brave, however, and ran on ahead compelling her friends to join her.","Матильда өзүн эр жүрөк сезгенсип, алдыга чуркап кетти, досторун да ээрчитүүгө аракет кылды." 
"Miss Squirrel was not happy about that and so she shouted for Matilda to come back.","Мисс Сүзгүч муну жактырбай, аны кайра чакырды." 
Then off she chased after her.,Андан соң Матильданы артынан кууп жөнөдү. 
"Soon the whole class followed and before they knew it, they were right in the middle of the woods.","Бир убакта бүт класс аны ээрчип, билинбей токойдун ортосуна кирип калышты." 
"Now instead of bright sunshine, only shadows scattered before them.","Эми жаркыраган күндүн ордуна, жалгыз көлөкөлөр аларды курчап калды." 
"The class stopped, their little mouths open in awe and wonder.","Класс өздөрүн таң калтырып, унчукпай туруп калды." 
Miss Squirrel was still chasing Matilda though and did not notice that she had left the little ones behind.,"Мисс Сүзгүч Матильданы кууп, балдарды артында калтырып кеткенин байкаган жок." 
"Rachel Rabbit, Wendy Weasel and Ralph Racoon all held paws as they looked around them.","Рейчел Коён, Венди Илбирс жана Ральф Енот колдорун кармашып, айланасын карашты." 
Three very small friends.,Бул үчөө кичинекей дос эле.
And Hank.,Ал эми Хэнк жалгыз эле.
The only noise now in the woods was silence.,"Токойдо эч кандай үндү укпай, баары тым-тырс болуп калды."
"Suddenly, everyone got a fright as behind them Matilda mouse jumped from behind a berry-bush and shouted “BOO!” as loudly as she could.","Капыстан, арткы жагынан Матильда Чычкан карагат түбүнөн “БУУ!” деп кыйкырганда, баары селт этти." 
"After they all had stopped shaking, her friends laughed.","Баары ордуна келип, анын достору күлүп калды."
All except Hank.","Баары эмес, Хэнк гана."
"“Silly Hank,” said Matilda.","Акылсыз Хэнк, – деди Матильда." 
“You are just no fun!”,Сен эч качан кызыктуу эмессиң! 
"However, before Hank could reply, another noise made everyone turn around.","Бирок Хэнк жооп бергенге үлгүргөнчө, дагы бир үн угулду."
This time though there was no Boo!,"Бул жолу болсо, Бу! деген үн чыккан жок."
of surprise and no laughter afterwards because there before the class was a very large and very hungry snake.,"Бул жолу эч кандай сюрприз кыйкырыгы болбоду, анткени алардын алдында чоң жана ач жылан пайда болду." 
His magical eyes twinkling with delight as his tongue spiked forward.,"Жылан балдарды көрүп, көздөрү жаркырап, тилин сунду:"
“Mmmm!!,Мммм!! 
Lunchtime.” said the snake.,"Түшкү тамак, – деди ал."
It was at this point that the class realised that Miss Squirrel had not returned from chasing Matilda.,"Мисс Сүзгүч дале Матильданы кууп жетпей, класс жалгыз калды." 
The class was alone.,Балдардын оозунан коркунучтуу үн чыкты. 
Squeaks of fright squeezed out of the little animals’ mouths.,"Кичинекей жаныбарлардын ооздорунан корккондугунан чыйылдаган үндөр чыгып жатты." 
Matilda and her friends all hugged each other fearing that this was the end.,"Матильда жана анын достору кучакташып, бул алардын акыркы мүнөттөрү деп ойлошту." 
"Suddenly though, Hank was scared no more.","Бирок Хэнк эми коркууну токтотту." 
He found a way to save the class.,Ал классты сактап калуунун жолун ойлоп тапты. 
He knew just what he had to do.,Ал так эмне кылыш керек экенин билди. 
“Quick everyone- down this hole.” he shouted as he pointed to a hole under a hanging chestnut Tree.,"Тез! Баарыңар бул тешикке киргиле! деп кыйкырды ал, каштан дарагынын алдындагы тешикти көрсөтүп." 
The animals stared at him and then jumped down the hole.,"Жаныбарлар ага карап туруп, тешикке кирип кетишти."
Hank followed only to be stopped by Matilda who looked very angry.,"Хэнк артынан кирүүгө камынып жатканда, Матильда аны токтотуп, ачууланган түрдө:" 
"“Hank, we are trapped now- you foolish hog.”","Хэнк, биз эми тутулуп калдык сен акылсыз кирписиң, – деди." 
"But before she could add to her insult, Hank jumped up and flipped himself into a ball.","Бирок ал сөзүн бүтүргөнчө, Хэнк секирип, тоголонуп, тикендүү топ болуп калды." 
"Next, he rolled towards the mouth of the hole and blocked it with his pointy sharp spikes.","Андан соң оонап барып, тешиктин оозун жапты." 
There would be no lunch for the snake today!,Бүгүн жыланга тамак жок болчу! 
"Later, back at school, Miss Squirrel was telling the head teacher, Mr Owl, about what had happened and how the snake had fled Hank’s pointy spikes.","Кийин мектепке кайтып келишкенде, Мисс Сүзгүч директор Мырза Бүбүгага болгон окуяны айтып берип жатты." 
"After the snake had slithered away, the class had quickly returned to school and each one had thanked their new friend Hank.","Класс тез эле мектепке кайтып келди жана баары жаңы досу Хэнкке ыраазычылык билдиришти." 
Matilda gave him a big hug and apologised for what she had called him before.,"Матильда аны бекем кучактап, буга чейин айткан сөздөрү үчүн кечирим сурады." 
"Hank was not odd, he was a hero and her new best friend.","Хэнк анча-мынча эмес, баатыр болуп чыкты жана Матильданын жаңы эң жакын досу болду." 
"Hank, who was still unused to lots of attention, turned pink and popped into a ball as all his new friends cheered him.","Көңүл буруудан көнбөгөн Хэнк кызарып, топ болуп тоголонуп алды, ошол эле учурда бардык жаңы достору аны кол чаап кубатташты."

(book6)
Deep in the New Forest where no big people ever went there was a tiny little magical village called the Ordon Gardens.,"Жаңы Токойдун тереңинде, чоң адамдар эч качан барбаган жерде, кичинекей гана сыйкырдуу айыл - Ордон Бакчалары бар болчу." 
"Here, three little tooth fairies named Incisor, Canine and Molar were busy at work in their factory.","Бул айылда үч кичинекей тиш периси – Инсайзор, Канайн жана Молар – өздөрүнүн фабрикасында тынымсыз иштеп жатышты."
The three tooth fairies were all named after types of teeth.,"Бул тиш перилери ар бири тиш түрлөрүнүн атынан аталып, Инсайзор узун, арык жана кыска кызгылт чачтуу эле."
"Incisor was tall and skinny with short pink hair, Canine was also tall with blue hair and Molar was the short, wise one with curly, silver locks.","Канайн да узун бойлуу, бирок көк чачтуу болчу, ал эми Молар кыска бойлуу, акылдуу жана күмүш сымал толкундуу чачы бар болчу."
All day long the busy little fairies cleaned and shined the children’s milk teeth they had collected during the night.,"Күндүн узунунда бул тынчы жок кичинекей перилер түндө чогултуп келген балдардын сүт тиштерин тазалап, жалтыратып жатышты."
The milk teeth were used to make very useful things in the Ordon Gardens like roads in the village and furniture in the homes for the little fairies.,"Бул тиштер Ордон Бакчаларында өтө пайдалуу буюмдарга айландырылчу, мисалы, айылдагы жолдорго жана перилердин үйлөрүндөгү эмеректерге колдонулчу."
One day Incisor realised that the teeth coming into the cleaning factory were not as strong as they used be.,Бир күнү Инсайзор фабрикага келген тиштер мурункулардай күчтүү эместигин байкады.
"“Oh dear!” said Incisor “These teeth are fragile and brittle, with holes and black spots.","Ой, тобо! деди Инсайзор. Бул тиштер морт жана алсыз, тешиктери жана кара тактары бар экен. "
"They crumble as soon as I try to polish them with my cloth.,Мен аларды чүпүрөк менен жалтыратууга аракет кылсам эле урап калат.
Whatever are we to do?”,Эмне кылмак элек?
“Yes.”said Canine,"Ооба, деди Канайн."
"“I know exactly what’s wrong, The children are beginning to eat far too many sweets and are not looking after their teeth at all.”","Мен мунун себебин так билем. Балдар өтө көп таттууларды жеп, тиштерин такыр карабай калышты."
“I know…we can fix it!”,Мен билем...Биз муну оңдой алабыз!
Said Molar the wise one.,деди акылдуу Молар.
She sounded quite excited by her grand idea.,Ал өзүнүн укмуш идеясына толкундангандай болду.
The three fairies looked at each other and waited while Molar explained all.,"Үч перинин бири-бирин карап, Молардын түшүндүрмөсүн күткөнү калды."
"As usual, it was a fabulous idea.","Адаттагыдай эле, анын ою сонун болду."
The three of them wasted no time at all and got to work straight away.,"Алар эч убакытты текке кетирбей, дароо ишке киришти."
"That night, it was Canine’s turn to fly off and collect all the milk teeth from under the sleeping children’s pillow.","Түндө тиштерди чогултууга Канайн кезекчи болду." 
"Off she flew with a bag of coins, some white berry sandwiches for her lunch and a pack of cards which the three fairies had spent all afternoon preparing.","Ал балдардын жаздыгынын астындагы сүт тиштерин алмаштырып кетүү үчүн тыйындар салынган баштык, түшкү тамакка ак булочкадан жасалган сэндвичтер жана күн бою даярдашкан атайын карталарды алып учуп жөнөдү." 
It was such a treat to leave the forest and see the city skyline but it was a dangerous place for fairies.,"Токойдон чыгып, шаарды көрүү – бул анын сүйүктүү иши болчу, бирок шаар феялар үчүн коркунучтуу эле."
Canine had to make sure that the big people never saw her.,Канайнды чоң адамдар көрүп калбашы керек эле.
She flew through the starry sky and saw the wonderful city fast asleep.,"Ал жылдыздуу асмандын ортосунда учуп, уктап жаткан сонун шаарды карап жатты."
Her first stop was a young boy named Junior.,Анын биринчи токтогон жери Жуниор аттуу кичинекей бала болду.
Earlier in the night Junior and his mum had placed his milk tooth under the pillow.,Кечинде Жуниор апасы менен сүт тишин жаздыгынын алдына койгон эле.
Mummy tucked Junior into bed and told him all about the tooth fairy who would leave some money in exchange for his tooth.,"Апасы аны төшөккө жаткырып, тиш периси тиши үчүн акча калтырып кетерин айтып берген." 
"She gave him a goodnight kiss and left him to fall asleep. By the time Canine arrived, Junior was fast asleep.","Анан Жуниорго жакшы түн тилеп, уктап калсын деп бөлмөдөн чыгып кеткен." 
She flew in through the top window that was ajar and glided quickly down to Junior’s pillow.,Канайн келгенде Жуниор катуу уктап жаткан. 
She perched beside him and braced herself in preparation for the task… “Heave……..” she lifted the pillow and wedged herself between the pillow and the bed.,"Ал жарым-жартылай ачылган терезеден кирип, Жуниордун жаздыгына жакын учуп барды." 
She quickly grabbed the tooth and tossed it over to her backpack.,"Жаздыктын жанына конуп, жаздыкты көтөрүүгө даярданды."
She placed two coins and the fairy’s special card in exchange under the pillow and flew off into the night sky to find more milk teeth.,"Жааа-а-а-а-а! деп күчөнүп, жаздыкты көтөрүп, төшөк менен жаздыктын ортосуна сыят."
"In the morning, as soon as Junior woke up, he rummaged under the pillow to see if the tooth fairy had left any money for him.","Ал тишти ылдамдык менен рюкзагына ыргытып, ордуна эки тыйын жана перинин атайын картасын коюп, түнкү асманга учуп кетти." 
He was thrilled to find the coins but looked blankly at the card he found in his hand.,"Эртеси Жуниор ойгонуп, жаздыгынын астын карады."
Mummy didn’t mention anything about a card…he wondered. He read the card out aloud…,Апасы карта тууралуу айткан эмес эле… 
The Tooth Fairy’s guide to healthy teeth:,Тиш перисинин ден соолук тизмеси: 
1.Eat Healthy.,1. Дени сак тамактарды жегиле. 
2.Cut down on sugary sweets & drinks.,2. Таттуулар менен ширелерди азайткыла. 
3.Brush your teeth twice a day.,3. Күндөн эки жолу тиш жуугула.
4.Use a fluoride toothpaste.,4. Фтор кошулган тиш пастасын колдонгула. 
5.Visit the Dentist regularly.,5. Дарыгерге байма-бай барып тургула. 
"Back in the village of Ordon Gardens, the fairies were very happy about the new information card they were giving to the children.","Ордон Бакчаларындагы айылда перилер бул жаңы маалымат картасын таратканына өтө кубанышчу." 
Soon enough the milk teeth coming into the factory were strong and healthy again.,"Көп өтпөй, фабрикага келип жаткан сүт тиштер кайрадан бекем жана ден соолукта болуп калды."

(book7)
I am Hammy the Hamster.,Мен – Хэмми деген хомякмын.
"I live with my mother Henrietta, my father Harry, my sister Hachi, and my brother Hal.","Мен апам Генриетта, атам Гарри, карындашым Хачи жана агам Хал менен чогуу жашайм."
We live in South America and you can’t miss our home.,"Биз Түштүк Америкада жашайбыз, жана биздин үйдү дароо тааныйсыңар."
It is the burrow under the trees that look like the letter H.,Ал – "H" тамгасына окшогон бактардын алдындагы коңул.
"When we are out during the day, we are very careful so we aren’t caught.","Күндүз сыртта жүргөндө абайлайбыз, анткени кармалып, кимдир бирөөнүн үй жаныбары болуп калуу коркунучу бар."
We might get trapped and become someone’s pet.,Ошондуктан негизинен түнкүсүн чыгабыз.
So we are mostly out after dark.,Биз уруктарды жана жемиштерди жегенди жакшы көрөбүз жана аларды үйгө капчыгыбызда ташып келебиз.
We like to eat seeds and fruit and can carry it back home in our pouches.,Биздин жаактарыбызда азык-түлүк баштыгы сыяктуу кап бар.
Our cheeks have built in shopping bags.,"Силердей эле, биз дагы оюн ойноп, көңүл ачканды жактырабыз."
"Just like you, we like to play and have fun.","Жарыкка чуркап, жалбырактарга түшкөн көлөкөбүздү кубалап ойногонду жакшы көрөбүз."
We have fun running into the light and chasing our shadows on the leaves.,"Биз жарыкка чуркап, жалбырактардагы көлөкөбүздү кубалап ойногонду жактырабыз."
Last night Hachi and I found this thing.,Кечээ түнү Хачи экөөбүз бир кызыктай нерсе таптык.
"When you pushed a button, it lit up like the sun.","Анын баскычы бар экен, бассаң, күн сыяктуу жарык берет."
We like to climb things and explore.,"Биз дагы ар кайсы нерселерге чыгып, изилдегенди жактырабыз."
"Our cousins Lester, Larry, and Lorain live in the city.","Биздин туугандарыбыз Лестер, Ларри жана Лорейн шаарда жашайт."
They are someone’s pet.,Алар кимдир бирөөнүн үй жаныбары.
They sent us this picture and said they had a lot of fun but missed playing with us.,"Алар бизге сүрөт жөнөтүп, биз менен ойногонду сагынышканын айтышты."
Lester said he liked people.,Лестер адамдарды жакшы көрөрүн айтты.
He always had food and water and lots of toys to play with.,"Ал дайыма тамак-ашы, суусу жана оюнчуктары бар экенин айтты."
"He even likes to take a ride in the pocket of his people friend, Billy.","Ал тургай досу Биллинин чөнтөгүндө сейилдегенди да жакшы көрөт экен."
I might be your pet some day.,Мен бир күнү сенин үй жаныбарың болуп калышым мүмкүн. 
"If I ever become your pet, I hope you take good care of me because I will do all I can to be your friend.","Эгер сенин үй жаныбарың болуп калсам, менин жакшы кам көрүшүңдү каалайм, анткени мен колумдан келгендин баарын кылып, сенин эң жакын досуң болууга аракет кылам." 
Adios Amigos.,"Адьос, достор!"

(book8)
"“Now this looks like a very interesting case,” Detective Peterson said aloud, as she reviewed the huge stack of reports on her desk.","«Бул өтө кызыктуу ишке окшойт», – деди Детектив Петерсон үн чыгарып, иш столундагы көптөгөн отчетторду карап жатып."
“I think I will handle this one myself.”,«Муну өзүм эле карап көрөйүн».
"After several minutes of searching through the official Tooth Fairy records, she found what she was looking for.","Бир нече мүнөттөн кийин расмий Тиш Периси архивдерин аңтарып жатып, керектүү папканы тапты."
A folder with the name ‘Sophia Sue Simmons’.,Анда «София Сью Симмонс» деген ысым жазылган болчу. 
"“Hmm,” Detective Peterson mumbled as she studied the file.","«Хмм», – деди Детектив Петерсон өзүнчө, файлды окуп жатып."
"As Detective Peterson read the report, she noted that Sophia Sue always smiled.","Документте София Сью дайыма жылмаяры жазылган эле."
"From the time she got out of bed to the time she went back to bed, she smiled.","Төшөктөн турган учурдан баштап кайра төшөккө жаткыча жылмайып жүрчү экен."
"In fact, Sophia Sue never seemed to stop smiling.","Чынында, София Сью эч качан жылмаюуну токтотпогондой сезилчү."
"Then, two days ago, Sophia Sue stopped smiling.","Бирок эки күн мурда ал жылмаюуну токтотуптур."
“Why?”,«Эмнеге?»
Detective Peterson wondered.,– деп таң калды Детектив Петерсон.
"“I must find out why and get Sophia Sue’s smile back,” she said to herself.","«Мен муну сөзсүз билишим керек жана анын жылмаюусун кайра кайтаруум зарыл»,– деп өзүнө шыбырады."
She searched through the file but couldn’t find anything that could have caused Sophia Sue to stop smiling all of a sudden.,"Ал документти кылдат карап чыкты, бирок София Сьюнун жылмаюусун капысынан токтотууга себеп болчу эч нерсе таба алган жок."
Was she happy at home?,Үйүндө бактылуубу?
The Smile-O-Meter indicated “yes.”,Күлкү-Өлчөгүч «ооба» деп көрсөттү. 
Was she happy at school?,Мектепте бактылуубу?
The Smile-O-Meter indicated “yes.”,"Күлкү-Өлчөгүч кайра «ооба» деп көрсөттү."
Was she happy with her friends?,Достору менен бактылуубу?
The Smile-O-Meter indicated “yes.”,Жооп дагы эле «ооба».
Everything that Detective Peterson found indicated that Sophia Sue was happy and that she should be smiling.,Детектив Петерсон тапкан бардык нерсе София Сьюнун бактылуу экенин жана жылмайышы керектигин көрсөттү.
The Detective checked with the dentist and everything was fine.,Ал тиш дарыгерине кайрылды – баары жайында болчу. 
The Detective checked with Tooth Fairy Central.,Тиш Периси Борборуна да кайрылды.
"All of Sophia Sue’s baby teeth had fallen out, been collected as scheduled, and replaced with new, extremely pretty, permanent teeth.","София Сьюнун бардык сүт тиштери график боюнча түшүп, чогултулган жана алар жаңы, кооз, туруктуу тиштер менен алмаштырылган экен."
Detective Peterson checked everything but she couldn’t find anything that could cause Sophia Sue to stop smiling.,"Детектив баарын текшерди, бирок София Сьюнун жылмайбай калышына себеп боло турган эч нерсе тапкан жок."
There was only one choice left.,Жалгыз жол калды.
Detective Peterson had to visit Sophia Sue and see what she could do.,Детектив Петерсон София Сьюга өзү барып көрүүгө аргасыз болду.
That night Detective Peterson flew down and visited Sophia Sue.,"Түн ичинде Детектив Петерсон учуп барып, София Сьюнун үйүнө кирди."
"Making sure that she didn’t wake Sophia Sue, she sprinkled magical Tooth Fairy sand into the air.",Аны ойготпой этияттык менен сыйкырдуу Тиш Периси кумун абага себеледи.
“Sophia Sue.”,«София Сью»,
Detective Peterson whispered.,– деп шыбырады Детектив.
“What happened to your beautiful smile?,«Кайда жоголду сенин сулуу жылмаюуң? 
You look so sad.”,Сен абдан кайгылуу көрүнүп жатасың».
"“I lost all my baby teeth,” she whispered.","«Мен бардык сүт тиштеримди жоготтум»,– деп шыбырады София Сью."
“Now the Tooth Fairy doesn’t have any reason to visit me.”,«Эми Тиш Периси мага келүүгө себеп таппайт». 
"“Oh! I understand,” Detective Peterson whispered between smiling lips.","«Оо, түшүндүм»,– деди Детектив Петерсон, жылмайып."
“The Tooth Fairy will always be in your heart so you can wipe that silly frown off your pretty face.”,"«Тиш Периси ар дайым сенин жүрөгүңдө болот, ошондуктан бул кыжырды келтирген кабагыңды жаап, кооз жүзүңө кайра жылмаюу алып кел». "
"As Detective Peterson flew away from Sophia Sue’s bedside, she saw the smile return - bigger and brighter than ever before.","Детектив Петерсон София Сьюнун төшөгүнүн жанынан учуп кетип бара жатып, анын жылмаюусу кайтып келгенин көрдү – мурункуга караганда чоңураак жана жаркыраган жылмаюу!"

(book9)
"When Jamal opened the door, his mother could tell something was wrong.","Жамал эшикти ачканда, апасы бир нерсе болгонун дароо түшүндү."
He looked like he was going to cry.,Ал ыйлап жиберчүдөй көрүнүп турду.
"“Jamal, what is the matter?” his mother asked. “","Жамал, эмне болду?” — деп сурады апасы."
HOMEWORK!” he shouted.,"ҮЙ ТАПШЫРМА! — деп кыйкырды ал."
“Homework !,Үй тапшырма!
Yuck!,Фуу!
I will not do any more homework.”,Мен мындан ары эч кандай үй тапшырма жасабайм.
"Now, Jamal’s mother was quite concerned.","Бул сөздөр апасын абдан кабатырлантты."
She had never heard Jamal talk like that and she had no idea that he didn’t like doing his homework.,Ал буга чейин Жамалдын мындай сүйлөгөнүн угуп көргөн эмес жана анын үй тапшырмасын жактырбаганына таң калды.
"In fact, each time she asked Jamal if he had done his homework, he would always answer “yes”.","Чынында, ар дайым апасы үй тапшырма жасадыбы деп сураганда, Жамал дайыма “ооба” деп жооп берчү."
"“My teacher wants to meet with you,” Jamal said.","Мугалимиң мен менен жолугушууну каалайт”, — деди Жамал."
"“That’s fine,” his mother said.","Жарайт, — деди апасы."
"“But I would like to talk to you before we meet with your teacher.,Бирок мугалимиң менен жолукканга чейин сен менен сүйлөшкүм келет.
"I think now is the perfect time,” Jamal and his mother talked for a long time and all the while his mother was writing things down.","Жамал менен апасы узакка сүйлөштү.Апасы бир нерселерди жазып жатты."
Jamal chuckled to himself as she wrote.,Азыр мына ошол учур.
"It was as if she was doing homework, and do you know what?","Жамал ичинен күлүп койду, анткени апасы тапшырма жасап жаткандай көрүнүп жатты"
"She was. ,"Чынында, апасы чын эле тапшырма жасап жаткан эле."
"Then his mother said, “Jamal, now that we are done"," Жамал, эми сүйлөшүп бүттүк." 
I want you to do the best you can on your homework tonight.","Бүгүн кечинде үй тапшырмаңды колуңдан келгенче мыкты аткар."
Tomorrow morning we will go to school together.”,Эртең эртең менен мектепке чогуу барабыз.
"Jamal agreed and his mother continued with her homework.","Жамал макул болду, ал эми апасы тапшырмасын улантты."
"The next day Jamal, his mother, and his teacher met before school started.","Эртеси күнү Жамал, апасы жана мугалими мектеп башталганга чейин жолугушушту."
Jamal was frightened.,Жамал абдан коркуп турду.
He didn’t know what to expect and it was all his fault for not doing his homework.,Ал эмне болоорун билген жок жана бул анын үй тапшырмасын жасабагандыгы үчүн өзүнүн күнөөсү экенин түшүнүп турду.
“Homework!,Үй тапшырма!
Yuck!” he mumbled to himself.,Фуу! — деп өзүнчө күбүрөндү.
"“I heard that,” his teacher said.","Уктум, — деди мугалими."
"Then his mother spoke, “Jamal and I discussed the situation last night and I assure you he will be doing his homework in the future.","Андан кийин апасы сөз баштады:Жамал экөөбүз кечээ кечинде абалды талкууладык, жана ал мындан ары үй тапшырмасын аткарып турмакчы."
"I also think you need to listen to his reasons.,Бирок мен анын жүйөлөрүн угушуңузду каалайм.
"They are reasons, and not excuses.","Алар жөн гана шылтоо эмес, жүйө."
Please let Jamal explain to you as he did to me.”,"Сураныч, ал мага айтканын сизге да түшүндүрүп берсин."
"Well, Jamal was really frightened now.","Эми Жамал абдан коркуп калды."
He had to talk to the teacher and tell her why he didn’t do his homework.,Ал мугалимге эмне үчүн тапшырмаларын жасабаганын айтып бериши керек эле.
"Jamal thought for a moment, took a deep breath, and began talking.","Ал бир аз ойлонуп, терең дем алып, сүйлөй баштады: "
“I need time to have some fun.,Менин көңүл ачууга убактым жок.
I spend all day in school and then my teachers want me to spend the rest of the day doing homework.”,"Күн бою мектепте болом, анан мугалимдер калган убактымды да үй тапшырмага коротушумду каалашат."
"“I like to spend time with my mother, brother, and sister.","Мен апам, иним жана карындашым менен убакыт өткөрүүнү жактырам."
I also have to do my chores and help my mom since my dad doesn’t live with us.”,"Ошондой эле үй иштерине жардам беришим керек, анткени атам биз менен жашабайт."
"“When I really try to do my homework, it takes too long and I can’t help my mom.","Үй тапшырмаларын кылып көргөндө, алар көп убакыт алат, ошондо апама жардам бере албай калам."
I know this makes her sad and sometimes angry.”,Бул аны кайгыртат же ачууландырат.
“Sometimes I get so much homework I have to copy some of it from my friends.,"Кээде тапшырмалар ошончо көп болот, досторумдан көчүрүүгө туура келет."
"I know that is cheating, but I want to turn something in.”","Бул туура эмес экенин билем, бирок жок дегенде бир нерсе тапшырайын деп жатам."
“When I have done my homework it takes so long to get it back that I can’t learn from it.,"Кээде тапшырмаларды тапшырам, бирок аларды кайра алып, үйрөнүүгө мүмкүнчүлүк жаралганга чейин мугалимдер башка нерсе үйрөтүп башташат."
"Meanwhile, you are teaching something else. I just get lost.” Jamal’s teacher thought for a moment and then said: “I never realized you were so smart.","Мугалими бир аз ойлонуп, анан мындай деди:Сенин акылдуу экениңди түшүнгөн эмесмин."
You have made some very good points and I need to consider them.,"Сен абдан маанилүү нерселерди айттың, муну ойлонуп чыгышым керек."
"In fact, all the teachers need to hear them.","Чынында, бардык мугалимдер муну билиши керек."
I will consider your comments before I assign homework in the future.,Мындан ары үй тапшырма берерден мурун сенин комментарийлериңди эске алам.
I would like you to talk to all the teachers.,Анан мен адашып калам.
Will you do that?”,Баарына түшүндүрүп берүүгө даярсыңбы? 
"Jamal agreed and he spoke to all the teachers, parents, and students at the school’s next Open House.","Жамал макул болду.Ал мектептеги ачык эшик күнү мугалимдерге, ата-энелерге жана окуучуларга өзүнүн ойлорун айтты."
He was frightened but he made excellent points.,"Ал коркуп турду, бирок абдан жакшы жүйөлөрдү келтирди."
"In fact, the school changed the way they assigned homework.",Мектеп үй тапшырмаларды берүү системасын өзгөрттү. 
It was easier on the students and they were able to complete it and learn.,"Окуучуларга тапшырмаларды бүтүрүп, үйрөнүүгө жеңил болду."
They also had some time to play and spend time with their families.,"Ошондой эле, алар ойноп, үй-бүлөсү менен убакыт өткөрүүгө да убакыт тапты."
"Now, Jamal does his homework and actually looks forward to doing it.","Эми Жамал үй тапшырмасын жасап, аны кызыгуу менен күтө баштады." 
Now his mother doesn’t have to ask if it is done.,Апасы мындан ары анын тапшырмасы бүткөн-бүткөн эместигин сурабайт.

(book10)
Princess Aura always has the best birthday parties and this year friends from all over the galaxy were heading to her planet to enjoy the celebrations.,"Принцесса Аура ар дайым эң мыкты туулган күн кечелерин өткөрчү, ал эми бул жылы галактика боюнча достору анын планетасына майрамды белгилөөгө чогулушту."
Captain Fantastic and his wonder dog Winston had picked the perfect present for their inspiring friend.,"Капитан Фантастик жана анын кереметтүү ити Винстон өздөрүнүн дем берген досу үчүн эң сонун белекти тандап алышкан."
"However, Captain Fantastic’s arch nemesis, the evil Doctor Zob was determined that there would be no birthday cake for the pair at the end of this trip.","Бирок, Капитан Фантастиктин башкы душманы, зөөкүр Доктор Зоб, бул сапардын аягында аларга туулган күн тортунан ырахат алууга жол бербейм деп чечкен эле."
"The Rocketship stood proudly on the launch pad ready for takeoff.","Ракета учууга даяр болуп, аянтта сыймык менен турду."
"Captain Fantastic had just finished loading Princess Aura’s awkwardly long birthday present.","Капитан Фантастик Принцесса Аурага арналган узун, ыңгайсыз белекти жүктөп бүттү."
"“That’s it, Winston.” he said patting his faithful dog.","Болду, Винстон, — деди ал ишенимдүү итинин башын сылап."
“Now I just need to go and return all this wrapping paper.”and he headed towards the hanger while untangling himself from all the super sticky tape he’d used to wrap up the gift.,"Эми бул кагаздарды кайра койгону барам, — деп супер жабышкак тасмадан бошонууга аракет кылып, ангарга жөнөдү."
Winston gave a happy bark and off Captain Fantastic went into the space hanger.,"Винстон кубанычтуу үрүп койду, ал эми Капитан Фантастик ангарга кирип кетти."
As Winston returned to the spaceship he thought he saw someone walking away from their Rocket Ship.,"Винстон кайра ракетага кайтып келгенде, ракетага жакын басып бараткан бирөөнү көрдү."
He looked familiar; was that Doctor Zob?,"Ал ким? Доктор Зоб эмеспи?"
"Later, in the ship all systems were go.","Көп өтпөй кемеде бардык системалар даяр болду."
"Lights blinked, screens lit up and Captain Fantastic and Winston were strapped in ready to go. “5,4,3,2,1, Blast Off and away we go.” shouted Captain Fantastic, a big grin on his face whenever he headed back out into space.","Чырактар жаркырап күйүп, экрандар жанды.Капитан Фантастик жана Винстон орундукка бекем байланганда, Капитан: — 5, 4, 3, 2, 1, учуу! — деп кыйкырды.Космосту кыдыруу анын жүзүнө ар дайым күлкү тартуулачу."
Today Winston only gave a little whimper though; what was that Doctor Zobup to?,Бүгүн болсо Винстон кичине гана кыңшылады.Ал Доктор Зобдун эмнени ойлоп тапканын билип турду.
"On Doctor Zob’s great black ship however, there was only laughter, the kind only an evil genius can produce; deep from the stomach and exploding from the mouth.","Доктор Зобдун кара кемесинде катуу күлкү жаңырды:
"“Good luck Captain Fantastic, enjoy your ride.”","Ийгилик, Капитан Фантастик, учууңдан ырахат ал!"
"Both ships were now busy with the sound of song: “Roaring in our Rocket, flying really fast, Being in a spaceship is a blast blast blast!” sang Captain Fantastic.","Эки кемеде тең ырлар жаңырып жатты.Капитан Фантастик ырдады: — «Ракета менен учаарыбыз, космосто шашылабыз, Космосту кыдыруу чынында сонун нерсе!»"
While on the dark ship of Zob his creepy chorus rang out: “My mean machine is in the socket. It will make the Captain Fluster.,"Доктор Зоб болсо: — «Магнит күчү жолуң бузат, Акылсыз кометаларга сени алып барат!» — деп ырдады."
"Magnetic power will route his rocket To the Crazy Comet Cluster” “Not long now, Winston.","Бир кезде Винстон экранды карап, кеменин Жинди Кометалар Кластери деп аталган жерге багыт алганын көрдү."